{"entities":{"pages":{"Welcome":{"id":"Welcome","title":"Welcome","url":"welcome.html","level":0,"tabIndex":0},"Classwize-Classroom-Setup":{"id":"Classwize-Classroom-Setup","title":"Classwize Classroom Setup","url":"classwize-classroom-setup.html","level":0,"tabIndex":1},"Creating-Bypass-Codes-and-Rules":{"id":"Creating-Bypass-Codes-and-Rules","title":"Creating Bypass Codes and Rules","url":"creating-bypass-codes-and-rules.html","level":0,"tabIndex":2},"Contact":{"id":"Contact","title":"Contact","url":"contact.html","level":0,"tabIndex":3}}},"topLevelIds":["Welcome","Classwize-Classroom-Setup","Creating-Bypass-Codes-and-Rules","Contact"]}